# slug|language|plates|signs|lines|infrastructure|landscape|strong|confusions
united-states|Английский; испанская реклама обычна на юге|Короткие; дизайн зависит от штата|SPEED LIMIT, mph; сине-красный Interstate|Жёлтый центр, белые края; не уникально|Деревянные опоры, цилиндрические трансформаторы|Пустыни, леса, равнины и горы|Interstate + mph + название штата|Канада: MAXIMUM и km/h; Мексика: MEXICO/ALTO
canada|Английский; французский особенно в Квебеке|Короткие; разные провинциальные дизайны|MAXIMUM; провинциальные щиты; ARRÊT|Жёлтый центр, белые края|Деревянные опоры; почтовые ящики Canada Post|Леса, прерии, горы; природа общая с США|MAXIMUM + km/h + канадский щит маршрута|ARRÊT не всегда Квебек; лес не отличает от США
mexico|Испанский; ALTO|Короткие, очень разные|MEXICO на федеральном щите; PEMEX|Часто жёлтый центр и белые края|Восьмигранные бетонные опоры|Север сухой, юг тропический|MEXICO/PEMEX + испанские дорожные надписи|ALTO есть в Центральной Америке; опоры похожи на колумбийские
brazil|Португальский: rua, não, saída, ã/õ, nh/lh|Белые; новый Mercosur с синим верхом BRASIL; старые без полосы|BR-xxx; жёлтые стрелки на чёрных шевронах|Жёлтый центр и белые края обычны|Бетонные лестничные опоры; похожие есть в Парагвае|Красная почва, тропики, южные плато; не везде|Португальский + BRASIL/BR-xxx|Синий верх разделяют Аргентина, Уругвай и Парагвай; Португалия — полоса ЕС слева
argentina|Испанский|Старый чёрный блок; новый белый с синим верхом|Красные стрелки на белых шевронах; RN/RP|Белые штрихи, двойной жёлтый центр, смешанные линии|Парные бетонные опоры; деревянные А-образные|Пампа, Анды, сухая Патагония|RN/RP + красно-белый шеврон + старый чёрный блок номера|Номер Mercosur и чёрная машина не уникальны
chile|Испанский; PARE|Белые; у такси и коммерческих машин бывают оранжевые|Чёрные стрелки на жёлтом фоне|Часто всё белое; в снежных районах бывает всё жёлтое|Квадратные бетонные опоры с выемкой; прорези вверху стоек|Атакама на севере, зелёный юг, Анды|Чилийские указатели + однородная разметка + характерная опора|Белая машина без антенны встречается в Перу и Боливии
colombia|Испанский; PARE|Жёлтые почти у всех легковых|Крест с обратной стороны знака; маркеры Pr|Жёлтый центр, белые края|Восьмигранные опоры; такси с номером на боку|Анды, тропики, гористые города|Много жёлтых номеров + испанский + крест знака|Восьмигранные столбы есть в Мексике; номер такси сбоку — и в Перу
ecuador|Испанский; PARE|Белые; такси/автобусы с оранжевым верхом или фоном|Красный круг на белой табличке; бирюзовые задники|Часто жёлтый центр, белые края|Лестничные бетонные опоры; белый пикап Gen4 без антенны|Анды, тихоокеанское побережье, тропики|Испанский + белый пикап без антенны + бирюзовый задник|Белый номер, горы и белая рамка сами страну не определяют
peru|Испанский; PARE|Белые/жёлтые; у такси бывает жёлтый верх|Чёрно-белые полосатые стойки знаков|Жёлтый центр и белые края обычны|Часты полосатые опоры знаков; разные машины камеры|Сухое побережье, Лима, Анды; восток — тропики|Испанский + чёрно-белая стойка знака + перуанский указатель|Горы общие с Эквадором и Боливией
bolivia|Испанский|Короткие белые с синими символами|Массивные белые квадратные стойки|Центр белый, жёлтый или смешанный; края белые|Бетонные плиты; булыжник с аккуратными разделительными рядами|Высокогорье и тропические низины; незавершённые кирпичные дома|Боливийский указатель + белые квадратные стойки + характерная мостовая|Белая машина, кирпич и Анды похожи на Перу; Tigo отличает только от Перу
uruguay|Испанский|В старом покрытии белые; современные Mercosur имеют синий верх|Толстые деревянные стойки, окрашенные белым|Два жёлтых центра с белым пунктиром между ними|Белые столбики с жёлтой стороной; чёрная машина Gen3|Пологие травянистые холмы, отдельные рощи|Тройная жёлто-белая разметка + толстые белые стойки|Пасмурность и чёрная машина общие с Аргентиной
guatemala|Испанский; ALTO|Короткие белые|ALTO; испанские указатели|Жёлтый центр с белыми краями обычен|Багажник и видимые зеркала машины камеры|Вулканические горы, тропики, холмы|Испанский + узнаваемый багажник и зеркала + гватемальский топоним|Один ALTO не отличает от Мексики/Коста-Рики/Панамы
costa-rica|Испанский; ALTO|Короткие белые с синими символами|ALTO; красные такси|Жёлтый центр, белые края|Большой белый пикап часто виден; длинные серебристые изоляторы|Влажные холмы, вулканы и тропики|Красные такси + коста-риканский указатель + белый пикап|Панама: жёлтые такси; один пикап и ALTO не уникальны
panama|Испанский; ALTO|Короткие; часто бирюзовая полоса сверху; переднего может не быть|ALTO; жёлтые такси с клетчатой полосой|Чаще жёлтый центр, белые края|Круглые бетонные опоры; живые деревянные изгороди|Тропики, холмы и пастбища|Панамский указатель + бирюзовый верх номера + жёлтое такси|Белый пикап и ALTO есть в Коста-Рике
dominican-republic|Испанский; PARE|Светло-жёлтый верх, белый низ|PARE; многие стойки жёлтые|Городская разметка не самостоятельный признак|Две перекладины камеры с толстыми чёрными полосами; L-образные опоры|Плотные тропические города; тёмный гладкий асфальт|Узнаваемые перекладины камеры + испанский + PARE|Пуэрто-Рико: другие детали камеры; PARE обычен в Южной Америке
ghana|Английский; движение справа|Белые частные, жёлтые коммерческие|Английские указатели; цвета флага на объектах|Белые; иногда отсутствуют|В Gen3 чёрная лента справа на передней перекладине; такси с оранжевыми панелями|Красная почва, саванна, зелёный юг|Передняя перекладина с лентой + английский + правое движение|Реюньон: лента на задней перекладине; Gen4 выглядит иначе
kenya|Английский/суахили; движение слева|Белый передний, жёлтый квадратный задний|Зелёные указатели; Safaricom|Жёлтый центр, белые края|Пикап со шноркелем на части покрытия; серый Toyota SUV сопровождения|Саванна, высокогорье, тропическое побережье|Левое движение + шноркель/сопровождение + Safaricom|Белый/жёлтый номер есть в Уганде; шноркель не глобально уникален
nigeria|Английский; справа|Короткие светлые с зеленоватым оттенком|Города и штаты часто написаны на магазинах|Часто стёрта или отсутствует|Полицейское сопровождение; бетонные опоры с выемками без сквозных отверстий|Тропический юг, суше на севере; крыши из листового металла|Английский + полиция сопровождения + характерные опоры|Сопровождение есть и в Тунисе; плохая дорога сама не определяет страну
uganda|Английский; слева|Белый передний, жёлтый задний|Английские указатели|Разметка требует дополнительной проверки|Характерная машина камеры в старом покрытии|Красная почва, густая зелень, плотная Кампала|Угандийский топоним + левое движение + местная машина камеры|Белый/жёлтый номер и тропики похожи на Кению
senegal|Французский; справа|Старые синие; новые белые с синей полосой слева|Французские знаки; въездные таблички с розовой каймой|Французские белые линии|В Gen3 багажник и правое зеркало; разные пикапы Gen4|Сухой песчаный ландшафт, саванна|Синий старый номер + французский + сенегальский указатель|Не требуй синего номера на новом покрытии
tunisia|Арабский и французский; справа|Чёрные с белыми символами|Двуязычные арабско-французские указатели|Обычно белая; есть исключения|Чёрная машина; часто сопровождение|Средиземноморье, оливковые рощи, полупустыня|Чёрные номера + арабский/французский + сопровождение|Оливки и сухость общие со Средиземноморьем
south-africa|Английский, африкаанс и другие языки; слева|Чаще белые; провинциальные варианты|Зелёные указатели, маршруты N/R|Жёлтые края, белый центр; бывают тройные линии|Опоры с рядами белых изоляторов; встречается Gen2|От влажных лесов до пустыни и гор|N/R на маршруте + слева + жёлтые края|Жёлтые края общие с Намибией, Ботсваной, Лесото, Эсватини
botswana|Английский/сетсвана; слева|Белый передний, жёлтый задний|Чёрно-жёлтые полосатые стойки; маршруты A|Жёлтые края, белый центр|Полосатые бордюры; белая машина Gen3|Сухие преимущественно плоские песчаные пространства|Полосатая стойка + белый/жёлтый номер + маршрут A|Намибия тоже с жёлтым задним номером; пейзаж похож на ЮАР
namibia|Английский; немецкие топонимы; слева|Обычно жёлтые спереди и сзади|Зелёные указатели; B/C/D/M и другие маршруты|Жёлтые края, белый центр|Белый пикап с короткой антенной, наклонённой влево|Пустыня, сухие пространства, гравийные дороги|Жёлтые номера с двух сторон + намибийский маршрут + пикап|Сухость не отличает от Ботсваны; белые персональные номера — исключение
lesotho|Сесото/английский; слева|Длинные белые с синими символами, эмблемой шляпы|Местные маршруты A|Жёлтые края; иногда тройной белый центр|Белая машина Gen3; круглые хижины|Безлесные горы с горизонтальными скальными слоями, короткая трава|Эмблема шляпы + безлесные горы + слева|ЮАР тоже гориста; Эсватини обычно лесистее и с высокой травой
eswatini|Сисвати/английский; слева|Длинные, зелёные внизу|Маршруты MR|Жёлтые края; иногда тройной белый центр|Тёмные деревянные опоры с боковыми изоляторами; бетонные остановки|Зелёные лесистые холмы, высокая золотистая трава|MR на дороге + слева + зелёный низ номера|Зелёные номера бывают в ЮАР; белая машина общая для региона
reunion|Французский; справа; территория Франции|Французская система номеров|Французские знаки и столбики|Белая французская разметка|Багажник и лента на задней правой перекладине|Тропический вулканический остров, крутые зелёные горы|Французская инфраструктура + задняя лента + тропические горы|Гана: лента спереди; в счёте стран обычно Франция
sao-tome-and-principe|Португальский|Не используй цвет номера как единственный признак|Португальские переходы; надписи CST на опорах|Разметка часто мало помогает|Низкое качество камеры; наклонённая боковая антенна; жёлтые такси|Экваториальные острова, банановые растения, дождевой лес|Португальский + CST + характерная камера и тропики|Португальский и лестничные опоры есть в Бразилии и Португалии
egypt|Арабский|В туристических панорамах номер часто недоступен|Проверяй названия памятников|Треккер: дорожная разметка обычно не подходит|Пешеходные панорамы; песчаниковые сооружения|Пустыня, пирамиды, исторические комплексы|Узнаваемая пирамида/памятник + арабский|Песок и арабский не уникальны; Египет не следует учить как сплошное автопокрытие
madagascar|Малагасийский с длинными словами; французский|Часто нет машин в панораме|Смотри местные топонимы|Многие маршруты пешеходные или лодочные|Треккеры с сопровождающими людьми|Баобабы, сухой юг и тропический север|Малагасийская надпись + конкретный ландшафт/треккер|Баобаб и красная почва по отдельности не уникальны
mali|Французский и местные языки|Не опирайся на номера в этих панорамах|Названия мечетей и населённых пунктов|Ограниченные панорамы, песчаные площади|Штативная камера; глинобитные мечети с выступающими балками|Сухой песчаный Сахель|Узнаваемая мечеть Дженне/Тимбукту + подпись места|Глинобитная архитектура встречается и за пределами Мали
tanzania|Суахили/английский|В треккерах обычно нет читаемых номеров|Названия Gombe/Kilimanjaro помогают|Редкие туристические панорамы, а не дорожная сеть|Пешеходные и лодочные треккеры|Гомбе: лес и Танганьика; Килиманджаро: тёмные скалы и снег|Прямое название парка/горы + совпадающий треккер|Тропический лес и горный снег сами страну не определяют
australia|Английский; слева|Штатные варианты, много цветов|Жёлтые ромбы; GIVE WAY чёрными буквами|Почти всегда белая; исключения в снежных горах|Белые столбики с красным передним отражателем|Эвкалипты, сухие пространства; есть влажные районы|Австралийский маршрут + GIVE WAY с чёрным текстом + местный столбик|Новая Зеландия: красный текст GIVE WAY; красная почва не уникальна
new-zealand|Английский/маори; слева|Белые с чёрными символами|GIVE WAY красными буквами; жёлтые ромбы на белых стойках|Белые края; встречается жёлтый центр|Красный отражатель огибает верх столбика; бетонные опоры с длинной выемкой|Зелёные холмы, леса и горы|Красный GIVE WAY + новозеландский столбик + маорийский топоним|Зелёный пейзаж не отделяет от влажной Австралии
bhutan|Дзонг-кэ, тибетская письменность; слева|Красные у многих машин|Текст дзонг-кэ и английский|На узких горных дорогах часто нет линий|Каменные блоки ограждений; расписные деревянные фасады|Крутые лесистые Гималаи|Красные номера + дзонг-кэ + расписная архитектура|Горы и тибетский шрифт общие с другими Гималаями
bangladesh|Бенгальский: বাংলা; слева|Белые, чёрные, характерные бирюзовые|Бенгальские дорожные надписи|Линии часто отсутствуют на узких дорогах|Плотная застройка, рикши; разные поколения камеры|Плоская влажная дельта, поля, каналы|Бенгальский + бирюзовый номер + равнинная среда|Бенгальский есть в восточной Индии; равнина не уникальна
china|Упрощённые китайские иероглифы; справа|Обычные старые номера синие; есть другие типы|Китайский текст|В официальных музейных панорамах обычно не подходит|Преимущественно ограниченные официальные панорамы и музеи|Разнообразный ландшафт; не своди страну к одному климату|Читаемое название китайского музея/города + китайский|Китайский бывает в Тайване, Макао, Гонконге, Сингапуре
hong-kong|Традиционный китайский и английский; слева|Белый передний, жёлтый задний|Англо-китайские указатели|Британская система; цвет линии не уникален|Высотки, плотные улицы; есть сельские дороги|Зелёные субтропические горы|Слева + белый/жёлтый номер + традиционный китайский и английский|Сингапур тоже слева и многоязычен; Гонконг — регион Китая
macau|Китайский и португальский; слева|Чёрные с белыми символами|Португальские названия улиц рядом с китайским|Не используй линии без языка/номера|Серые цилиндрические фонари с чёрным основанием|Плотный приморский город|Португальский + китайский + чёрные номера|Гонконг: белые/жёлтые номера; Макао — регион Китая
iraq|Арабский|В музейном треккере номера не помогают|Название Национального музея Ирака|Музейное покрытие не учат по дорожным линиям|Стелы, древние статуи; характерный пересвеченный треккер|Музей Багдада, двор с финиковыми пальмами|Узнаваемый музейный зал/надпись Baghdad + треккер|Арабский и пальмы общие с соседями
jordan|Арабский; меньше английского, чем в ОАЭ|Белые; у коммерческих зелёная полоса слева|Красные стрелки на белых шевронах|Часто жёлтые края и белый центр|Чёрная машина камеры на старом покрытии|Сухие каменистые холмы, светлые дома|Иорданский указатель + красно-белый шеврон + номер|Израиль: жёлтые номера и иврит; пустыня не уникальна
israel-west-bank|Иврит и арабский; справа|Жёлтые; палестинские варианты тоже встречаются|Чёрно-белые шевроны; иврит|Жёлтые края встречаются|Светлый камень в застройке|Зеленее на севере, пустыннее на юге|Иврит + много жёлтых номеров + местный топоним|Эта связка не отделяет Израиль от части Западного берега
laos|Лаосский: ລາວ; справа|Частные короткие жёлтые; коммерческие белые|Лаосская письменность|Городское покрытие; линии не уникальны|На части покрытия серебристая машина, багажник, зеркала|Тропические города, реки и горы|Лаосский + справа + жёлтые легковые номера|Тайский шрифт похож, но в Таиланде едут слева
kazakhstan|Казахская кириллица: Ә Ғ Қ Ң Ө Ұ Ү Һ І; русский|Белые с небольшим голубым блоком слева|Постсоветские знаки; казахские надписи|Не закрывай страну только по линиям|Белый пикап камеры в новом покрытии|Степи, пустыни, горы юго-востока|Казахские буквы + местный топоним + белый пикап|Степь и русская кириллица общие с Россией
japan|Кандзи + хирагана/катакана; слева|Белые; у малолитражек жёлтые|Перевёрнутые треугольники 止まれ; синие указатели|Белые или жёлтые центры; не уникальны|Низкая камера; узкие улицы, зеркала, густые провода|Лесистые горы и плотные города|Слева + японские слоговые знаки + 止まれ|Низкая камера не уникальна; одни иероглифы не отличают от Китая
kyrgyzstan|Кириллица: Ө Ү Ң; русский|Белые с красным блоком|Постсоветские знаки и топонимы|Не используй только цвет центра|Серебристая машина с четырьмя перекладинами и зеркалами|Сухие горы, долины; старое покрытие часто зимнее|Узнаваемый багажник и зеркала + горы + кириллица|Горы и кириллица похожи на Казахстан; проверяй детали камеры
malaysia|Малайский: Jalan; слева|Чёрные, чаще два светлых блока|BERHENTI, BERI LALUAN; AWAS|Часты двойные белые центры; толстые жёлтые поперечные полосы|Чёрные/белые наклейки на опорах|Влажные тропики, пальмы; полуостров и Борнео|BERHENTI + чёрный номер с двумя блоками + малайский|Индонезия: старые номера чаще три блока; новые бывают белые
pakistan|Урду, арабоподобное письмо; английский|Провинциальные; в пенджабском покрытии зелёный блок|Местные надписи; названия исторических мест|Треккеры не закрываются по разметке|Исторические сады, форты, стены|Пенджабские туристические места|Урду + узнаваемый форт/сад + местная подпись|Урду и английский без места не гарантируют Пакистан
south-korea|Хангыль: 한글, блоки с кружками; справа|Старые зелёные, новые белые|Корейские надписи, синие/зелёные указатели|Жёлтый центр обычен|Чёрно-жёлтые диагонали на опорах; разные машины|Холмисто и лесисто; плотные города|Хангыль + корейский указатель + правое движение|Чёрно-жёлтые опоры похожи на Тайвань; хангыль сильнее
qatar|Арабский и английский; справа|Белые с бордовым блоком слева|Двуязычные указатели|Обычно белые края, центр белый или жёлтый|Часто белый пикап, антенна слева; круглые опоры|Очень плоская светлая пустыня, Доха|Бордовый блок номера + QATAR/местный указатель + плоская пустыня|ОАЭ тоже плоские и двуязычные; одной пустыни мало
singapore|Английский и китайский; слева|Чёрные; встречаются белый передний/жёлтый задний|Зелёные уличные таблички с закруглениями; TPE/PIE/AYE|Частые двойные жёлтые края в городе|Чёрно-белые бордюры, ухоженная городская среда|Влажный тропический город|Английский + TPE/PIE/AYE + характерные зелёные таблички|Чистота не уникальна; китайский и слева общие с Гонконгом
united-arab-emirates|Арабский и английский; справа|Белые; разные эмираты|Двуязычные широкие указатели|Часто жёлтые края, белый/жёлтый центр|На старом покрытии белая машина с багажником; новые машины разные|Плоская пустыня; северо-восток гористый|Название эмирата/ОАЭ + двуязычные знаки + местная инфраструктура|Катар, Оман и Иордания тоже арабоязычные и сухие
oman|Арабский и английский; справа|У многих частных машин жёлтые|Двуязычные указатели|Жёлтые края встречаются|Светлая застройка; дорожные ограждения|Каменистые горы, пустыни; Дофар бывает зелёным|Жёлтые номера + оманский топоним + арабский|Горы не отличают от северо-востока ОАЭ
nepal|Деванагари; слева|Разные: белые, красные частные, чёрные общественные|Непальские надписи и английский|Жёлтые края встречаются; центр белый|Низкое качество автопокрытия; квадратные бетонные опоры|Гималаи, холмы, южная равнина Тераи|Непальский топоним + деванагари + местное покрытие|Деванагари есть в Индии; красные номера не глобально уникальны
taiwan|Традиционный китайский; справа|Белые обычные|Китайские указатели; местные щиты маршрутов|Часто двойной жёлтый центр; красные края запрета парковки|Чёрно-жёлтые диагонали доходят до низа опор|Влажные горы и плотные города|Традиционный китайский + справа + полосы опор до земли|Корея тоже с полосатыми опорами, но хангылем; китайский сам не уникален
turkey|Турецкий: ğ, ş, ı, İ; справа|Длинные белые с синим блоком слева|Турецкие указатели|Чаще белая; жёлтая тоже бывает|Белые столбики с красным отражателем; зернистый асфальт|Горы, сухие плато, влажное Черноморье|Турецкие буквы + местный указатель + характерный столбик|Зернистое покрытие не уникально; турецкий есть на северном Кипре
thailand|Тайский: ไทย; слева|Белые частные, жёлтые коммерческие|Толстые белые квадратные стойки с чёрным низом|Жёлтый центр распространён; белый тоже бывает|Квадратные опоры с отверстиями; бетонные плиты|Тропики, поля, лесистые горы|Тайский + слева + толстая стойка с чёрным низом|Лаосский шрифт похож, но в Лаосе справа
philippines|Английский/филиппинский; справа|Светлые, несколько форматов|Английские указатели; местные топонимы|Часто белая, иногда жёлтая; не уникальна|Бетонные плиты, джипни, трициклы|Тропики, пальмы, вулканические острова|Джипни + английский + справа + филиппинский топоним|Бетонные плиты есть в Таиланде; английский не определяет страну
sri-lanka|Сингальский ශ්‍රී, тамильский, английский; слева|Белый передний, жёлтый задний|Часто многоязычные указатели|Разметка не самостоятельный признак|Бетонные опоры с небольшими отверстиями|Пальмы, тропики; чайные горы в центре|Сингальский + слева + белый/жёлтый номер|Тамильский встречается в Индии; пальмы не уникальны
mongolia|Кириллица; Ө, Ү; справа|Белые|Монгольские надписи|Разметка часто отсутствует вне трасс|Характерные экспедиционные машины на части покрытия|Открытые степи, сухие горы, юрты|Монгольская надпись + степь/юрты + местная машина|Кириллица и степь похожи на Казахстан; одна юрта не гарантирует страну
india|Деванагари и много региональных письменностей; слева|Белые частные, жёлтые коммерческие|Много языков; индийские маршруты|Белая/жёлтая, не уникальна|Разное качество камеры; плотная застройка и транспорт|От пустынь до тропиков и Гималаев|Индийский топоним/маршрут + письменность + слева|Деванагари общая с Непалом; бенгальский — с Бангладеш
indonesia|Индонезийский: Jalan, Kota; слева|Старые чёрные, обычно три светлых блока; новые белые|Индонезийские указатели; разные региональные варианты|Белый или жёлтый центр, белые края|Круглые стальные/бетонные опоры; часто окрашены внизу|Тропические острова, вулканы, рисовые поля|Индонезийский топоним + местный номер + инфраструктура|Малайзия: BERHENTI и чаще два блока старого номера; пальмы общие
vietnam|Вьетнамская латиница с множеством диакритик; справа|Белые длинные и короткие|Вьетнамские надписи|Белая/жёлтая; не закрывает страну|Небольшие белые квадратные столбики с красным верхом|Рисовые поля, тропики, холмы и города|Вьетнамские диакритики + справа + местный указатель|Красно-белые столбики похожи на камбоджийские
lebanon|Арабский, французский, английский; справа|Белые с синим блоком; красные коммерческие|Многоязычные указатели|Проверяй дополнительно к языку|Треккеры и отдельное автопокрытие низкого качества|Средиземноморские горы, плотные города|Ливанский топоним + арабский/французский + местный номер|Многоязычность не уникальна; не путай с Тунисом
andorra|Каталанский: carrer; справа|Белые с оранжевым пятном слева|Каталанские таблички; местные топонимы|Горные дороги; белая разметка не уникальна|Каменные дома, деревянные снеговые вехи|Крутые Пиренеи, долины|Оранжевый блок номера + каталанский + андоррский топоним|Каменные дома и каталанский есть в соседней Испании
albania|Албанский: rruga; справа|Синие края с обеих сторон либо красный блок слева|Албанские указатели|В основном белые линии|Чёрный верх столбика, красный/серый отражатель; треугольные опоры|Горы, средиземноморское побережье|Албанский + красный старый блок номера/местный топоним|Столбик похож на итальянский; горы похожи на Черногорию
austria|Немецкий: ß, ä, ö, ü; справа|Белые с полосой ЕС и гербом в центре|Белые стрелки на красных шевронах; бывают красно-жёлтые|Белая; не уникальна|Столбики с чёрным верхом и маленьким чёрным колпачком|Альпы, леса; восток равниннее|Австрийский герб/указатель + немецкий + местный столбик|Немецкий общий с Германией/Швейцарией; Альпы не определяют страну
switzerland|Немецкий ss вместо ß; французский, итальянский, ретороманский|Белые без полосы ЕС; очень короткий передний, гербы сзади|Высокий синий знак перехода; жёлтые пешие указатели|Жёлтая зебра; обычные линии белые|Низкая камера; чёрно-белые столбики|Альпы, Юра и равнинное плато|Короткий белый передний + жёлтый переход + швейцарский герб/CH|Лихтенштейн тоже низкая камера и жёлтая зебра, но чёрные номера FL
liechtenstein|Немецкий; справа|Чёрные с белым текстом, FL и гербом|Швейцарская по виду инфраструктура|Жёлтые переходы встречаются|Низкая камера; круглые чёрно-белые столбики|Альпийская долина, горы вокруг|Чёрный номер FL + низкая камера + долина|Жёлтая зебра и камера общие со Швейцарией
germany|Немецкий: ß, ä, ö, ü; справа|Белые с полосой ЕС, круглыми печатями|Жёлтые направляющие таблички; тёмные задники часты|Белая; не уникальна|Чёрно-белые столбики; белые наклейки на деревянных опорах|Север равнинный, юг лесистый и гористый|Немецкий маршрут/топоним + печати номера + местная инфраструктура|ß есть в Австрии; новая камера/блюр не самостоятельный признак
france|Французский: rue, sortie, é/è/ç; справа|Новые белые с синими краями с двух сторон; старые задние жёлтые|Французские указатели; много систем цвета по типу дороги|Очень длинные белые боковые штрихи на многих дорогах|Круглый белый столбик с полосой вокруг|Альпы, равнины, средиземноморский юг|rue/sortie + французский номер + длинные боковые штрихи|Французская инфраструктура есть в Сенегале и заморских территориях
belgium|Нидерландский/французский/немецкий; справа|Красные/бордовые символы на белом|Двуязычность бывает; местные топонимы|Белая; не уникальна|Квадратные бетонные опоры; жёлтые отражатели ограждений|Равнинный север, холмистые лесистые Арденны|Красные символы номера + бельгийский топоним|Французский и нидерландский общие с соседями
netherlands|Нидерландский: straat, ij, aa/ee/oo; справа|Жёлтые; такси голубые|Нидерландские указатели|Красные велодорожки; белые линии|Мало уличных электростолбов; кирпичные улицы|Плоско, каналы, поля, плотная велоинфраструктура|Жёлтые номера + нидерландский + велодорожки|Люксембург тоже жёлтые номера; один канал не определяет страну
luxembourg|Люксембургский, французский, немецкий; справа|Жёлтые с полосой ЕС|Жёлтые стрелки на чёрных шевронах|Белая; не уникальна|Чёрно-белые клиновидные столбики; перевёрнутые трезубцы опор|Холмы, леса, европейская застройка|Жёлтый номер + люксембургский топоним + холмистая среда|Нидерланды тоже жёлтые; иностранные белые номера часты
united-kingdom|Английский; слева|Белый передний, жёлтый задний|Британские указатели; speed в mph|Двойные жёлтые края часты в городе; отражатели между штрихами центра|Узкие дороги с изгородями; кирпичные дома|Влажные поля, холмы; горы на севере и западе|Слева + белый/жёлтый номер + британский дорожный указатель|Ирландия: белые задние, жёлтые пунктирные края; есть заморские исключения
ireland|Английский/ирландский; слева|Белые и спереди, и сзади|Жёлтые ромбы предупреждений; ирландские названия|Жёлтые пунктирные внешние линии часты|Светлые дома, тёмные крыши, каменные ограды|Зелёные влажные холмы и поля|Слева + белые задние + жёлтый ромб/пунктир края|Жёлтые края встречаются в Новой Зеландии; зелень не уникальна
spain|Испанский; также каталанский/галисийский/баскский|Белые с полосой ЕС|Испанские маршруты; сине-белые шевроны не уникальны|Чаще белая|Столбик с оранжевым передним отражателем; лестничные опоры|Сухие плато, горы; влажный север|Испанский маршрут/топоним + номер ЕС + местный столбик|Португалия: португальский, старый жёлтый блок номера справа
portugal|Португальский: rua, saída, ã/õ; справа|Полоса ЕС слева; у старых жёлтый блок справа|Местные указатели белые/чёрные, главные синие/белые|Обычно белая; не уникальна|Лестничные бетонные опоры; часты эвкалипты|Атлантические холмы, побережье; сухой юг|Португальский + европейский номер + португальский топоним|Бразилия: синий верх Mercosur; rúa с ударением бывает в Галисии
italy|Итальянский: via, comune, uscita; справа|Синие края с двух сторон; короткий передний|Итальянские указатели|Белые края без центра часты на узких дорогах|Белые столбики с чёрным верхом и красным передним отражателем|Альпы, холмы, средиземноморье, равнина По|Короткий передний с двумя синими краями + итальянский + местный указатель|Албания тоже с двумя краями и похожим столбиком
malta|Мальтийский: għ, ħ, ż; английский; слева|Белые с полосой ЕС; короткие распространены|Английский и мальтийский текст|Белые линии; узкие дороги|Светлые известняковые стены и здания|Сухие невысокие холмы, террасы, мало леса|Слева + мальтийские буквы + известняковая застройка|Кипр тоже слева и сухой, но греческий; камень не уникален
cyprus|Греческий/английский; слева в Республике Кипр|Белые ЕС; старые белый/жёлтый, прокатные красные|Греческие и английские дорожные таблички|Британские элементы разметки|Местные бетонные/деревянные опоры|Сухое средиземноморье, горы Троодоса|Греческий + слева + кипрский номер/топоним|Греция справа; Мальта слева без греческого
greece|Греческий: Ελλάδα, Δ/Ω/Σ; справа|Белые ЕС; такси бывают жёлтые|Многие предупреждения с жёлтым фоном и красной каймой|Двойной белый или жёлтый центр встречается|Тёмные деревянные опоры; арфообразные металлические верхушки|Горы, сухое средиземноморье; зелёный север|Греческий + справа + местный указатель|Кипр: греческий, но слева; жёлтый знак не уникален
denmark|Датский: vej, gade, æ/ø/å; справа|Белые; коммерческие жёлтые или бело-жёлтые|Низкие указатели в трубчатой рамке; белые треугольники с красной каймой|Белые; боковой пунктир маленькими квадратами|Датский столбик с наклонным верхом; красные дома|Плоские открытые поля|vej + квадратный боковой пунктир + низкий указатель в рамке|Норвежский тоже æ/ø/å; двойной белый центр есть в Польше
sweden|Шведский: väg/gatan, å/ä/ö; справа|Белые ЕС; у такси жёлтые|Жёлтые треугольники с красной каймой|Белая; короткий боковой пунктир|Деревянные опоры и красные дома|Леса, озёра; север гористее|Шведские слова + короткие боковые штрихи + жёлтый треугольник|Финляндия тоже жёлтые знаки и озёра; Норвегия чаще жёлтый центр
norway|Норвежский: vei/veg, æ/ø/å; справа|Белые с синим блоком; коммерческие зелёные|Белые треугольники с красной каймой и внешней белой обводкой|Жёлтый центр на больших дорогах; длинный боковой пунктир|Деревянные дома, снеговые вехи|Фьорды, горы, влажное побережье|Норвежский + жёлтый центр + местный указатель|Швеция и Финляндия похожи природой; один жёлтый центр не глобально уникален
finland|Финский: katu/tie, двойные гласные, ä/ö; шведский тоже бывает|Белые ЕС, часто короче соседских|Жёлтые треугольники; синие местные указатели с жирной стрелкой|Сплошные белые края; старое покрытие может иметь жёлтый центр|Чёрно-белые столбики; узкая белая полоса на снеговой вехе|Леса, озёра, преимущественно ровно|Финский + сплошной край + финский указатель|Не исключай Финляндию из-за шведского/å; виды похожи на Швецию
iceland|Исландский: þ, ð, æ; справа|Белые с синими символами; часто без блока ЕС|Жёлтые предупреждения с красной каймой|Чаще белая|Очень частые жёлтые столбики с белым отражателем|Безлесная вулканическая земля, лава, горы|Исландские буквы + жёлтые столбики + вулканический ландшафт|Фареры тоже безлесны, но нет такого жёлтого столбика
estonia|Эстонский: õ, ä/ö/ü; справа|Белые ЕС|Тонкая красная кайма; чёрно-белые шевроны|Белая; не уникальна|Круглый столбик: прямоугольник спереди, две точки сзади; деревянные опоры|Плоские леса, поля и побережье|Эстонский õ + местный указатель + круглый столбик|Латвия похожа столбиками; отсутствие буквы õ ничего не доказывает
latvia|Латышский: ā/ē/ī/ū, ļ/ņ/ķ; справа|Белые ЕС|Более толстая красная кайма, внешняя белая; красно-белые шевроны|Белая; не уникальна|Тонкие изогнутые столбики; крюкообразные изоляторы слева/справа|Равнинные леса и поля|Латышские диакритики + чередующиеся крюки опоры + местный указатель|Кайма зависит от типа/возраста знака; соседей одним знаком не исключай
lithuania|Литовский: ė, ą/ę/į/ų, š/ž; справа|Белые ЕС|Тонкая красная кайма с внешней белой обводкой|Белая; не уникальна|Клиновидные столбики с оранжевым отражателем; квадратные бетонные опоры с подпоркой|Равнинные поля и леса|Литовские буквы + клиновидный столбик + местный указатель|Бетонные подпорки бывают в Эстонии; природа не отделяет Балтию
poland|Польский: ł, ą, ę, ś, ź, ż; справа|Белые ЕС; новые электромобили зелёные|Жёлтые предупреждения с тонкой красной каймой|Белая, двойной центр обычен|Столбики с красной полосой вокруг; тонкие дырчатые опоры|Равнины, леса; горы на юге|Польские буквы + жёлтый треугольник + красная полоса столбика|Жёлтый фон есть в Греции/Скандинавии; дырчатые столбы не уникальны
czechia|Чешский: ř, ě, ů; справа|Белые ЕС|Общие центральноевропейские знаки|Белая; не уникальна|Два оранжевых отражателя спереди; широкий B-профиль ограждения; парные опоры|Холмы, леса, поля|Чешские ř/ě/ů + местный указатель + двойной отражатель|Столбик и ограждение почти такие же в Словакии
slovakia|Словацкий: ľ, ô, ĺ, ŕ; справа|Белые ЕС|Общие центральноевропейские знаки|Белая; не уникальна|Два оранжевых отражателя; широкий B-профиль; парные бетонные опоры|Карпаты и долины; юг равниннее|Словацкие ľ/ô + местный указатель + двойной отражатель|Сложные признаки инфраструктуры общие с Чехией
hungary|Венгерский: ő, ű; utca/út; справа|Белые ЕС; такси жёлтые|Белые стрелки на красных шевронах|Белая; не уникальна|Клиновидные столбики; дырки бетонных опор идут до низа|Равнины, поля; север холмистый|ő/ű или utca + местный указатель + характерная опора|Дырчатые опоры есть в Румынии; бело-красный шеврон не уникален
romania|Румынский: ă, ș, ț; strada; справа|Белые ЕС|Румынские указатели|Белая; не уникальна|Широкие отверстия опор до земли; круглые опоры тоже часты|Карпаты, равнины, деревни|ă/ș/ț + румынский указатель + дырчатая опора|Круглые опоры похожи на Болгарию; дырки есть в Венгрии
bulgaria|Кириллица; много ъ; латинские дубли|Белые с синим блоком ЕС|Кириллица и латиница на указателях|Белая; не уникальна|Круглые бетонные опоры; в старом Gen3 бывает лента на антенне|Горы, поля; часть старых снимков зимняя|Болгарский топоним + ъ + номер ЕС|ъ есть и в русском; зимний вид и плохое покрытие не определяют страну
croatia|Хорватский: ć/đ, Hrvatska, ije; справа|Белые, старые без полосы ЕС|Красные стрелки на белом или жёлтом фоне|Белая; не уникальна|Треугольные столбики; квадратный B-профиль ограждений|Адриатическое карстовое побережье; равнинный север|Hrvatska/хорватский топоним + ć/đ + местная инфраструктура|Язык близок к сербскому; Словения не использует ć/đ в своих словах
slovenia|Словенский: cesta, č/š/ž; справа|Белые ЕС с небольшим гербом|Чёрно-белые шевроны встречаются|Белая; не уникальна|Альпийские дома; часты маленькие дороги в лесу|Очень лесистые холмы, Альпы; небольшой морской берег|Словенский топоним + cesta + местный номер/инфраструктура|Альпийские дома есть в Австрии; шевроны общие с Балканами
serbia|Сербская кириллица и латиница: ђ/ћ, đ/ć; справа|Белые с синим блоком; тракторы зелёные|Чёрные стрелки на белом фоне|Белая; не уникальна|B-профиль ограждений; плоские столбики со смещённым отражателем|Равнинный север, холмистый юг|Сербские ђ/ћ + местный указатель + сербский номер|Латиница похожа на хорватскую; чёрно-белый шеврон есть у соседей
montenegro|Черногорский/сербский, латиница и кириллица; справа|Белые с синим блоком и красным кружком герба|Чёрно-белые шевроны встречаются|Белая; не уникальна|Столбики с чёрным верхом; часть покрытия низкой камеры|Высокие зелёные горы, светлый карст у моря|Красный герб номера + черногорский топоним + горная дорога|Горы похожи на Албанию; низкая камера не уникальна
north-macedonia|Македонская кириллица; албанский тоже встречается|Белые; заметный красный блок, синий край может быть|Чёрно-белые шевроны|Белая; не уникальна|A-профиль ограждения с красными отражателями; разные белые столбики|Суховатые горы и долины|Македонский топоним + красный блок номера + A-ограждение|Кириллица похожа на сербскую/болгарскую; один герб не решает
ukraine|Украинский: ї, є, і, ґ; справа|Белые с сине-жёлтым блоком слева|Украинские надписи; місто|Белая; часто стёрта в старом покрытии|Разные камеры; красная машина Gen3 распространена|Равнины, поля; Карпаты на западе|Украинские ї/є + сине-жёлтый блок номера + местный указатель|Плохой асфальт и кириллица сами не определяют Украину
russia|Русская кириллица: ы, э, ё; справа|Белые без полосы ЕС; региональный блок справа|Русские указатели; город/г.|Белая; не уникальна|Много типов опор; постсоветская среда|От лесов до степей и гор; огромный диапазон|Русский топоним + номер с региональным блоком + местная инфраструктура|Русский есть в соседних странах; улица/ул. не уникальны
belarus|Белорусский/русский: ў, і; справа|Белые; маленький белорусский флаг слева|Кириллические местные топонимы|Не определяй страну только по линиям|Часть туристического/ограниченного покрытия|Лесистые равнины|Белорусский ў + прямой топоним/флаг номера|Русский и лесистые равнины общие с соседями
rwanda|Киньяруанда, английский, французский; справа|Белый передний, жёлтый задний|Руандийские топонимы; Kigali|Дорожные линии не уникальны|Пикап часто скрыт большим блюром; местные бетонные опоры|Зелёные холмы, террасы, красная почва|Kigali/руандийский топоним + справа + белый/жёлтый номер|Кения/Уганда тоже с такими номерами, но слева
cambodia|Кхмерский: ខ្មែរ; справа|Белые с синими символами|Жёлтые предупреждения часто с белой внешней обводкой|Линии не уникальны|Белые квадратные дорожные маркеры с красным верхом; разные камеры|Плоские тропические поля; храмовые комплексы|Кхмерский + справа + камбоджийский указатель|Таиланд слева; Лаос справа, но другой шрифт и жёлтые номера
alaska|Английский; штат США|Часто жёлтые; бывают оранжевые рисунки|Щит дороги с Большой Медведицей|Американская жёлто-белая разметка|Есть старое Gen2 и разные новые камеры|Тонкие хвойные деревья, горы, тундра|Аляскинский щит с созвездием + американская среда|Канада похожа природой; жёлтый номер не уникален
hawaii|Английский и гавайские топонимы; штат США|Часто белый с радугой|Американские знаки, гавайские названия|Американская разметка|Разные низкие новые камеры; местные опоры|Тропические вулканические острова|Радуга номера + гавайский топоним + американские знаки|Полосы на стойках и тропики сами не определяют Гавайи
texas|Английский; испанские вывески; штат США|Разные американские номера|FM, RM, TEXAS; красные/жёлтые отражатели на части стоек|Жёлтый центр, белые края|Пикапы и зернистый асфальт не уникальны|Сухой запад, лесистый восток, равнины и холмы|FM/RM или TEXAS на маршруте + mph|Мексика: MEXICO/PEMEX и km/h; не угадывай по кактусам
monaco|Французский; справа|Короткие белые без полосы ЕС; иностранные часты|Местные названия Monaco/Monte-Carlo|Городская белая разметка|Очень плотная дорогая застройка, туннели|Крутой средиземноморский городской склон|Монегасский короткий номер + Monte-Carlo/Monaco + город|Французские машины часты; дорогие дома не определяют страну
san-marino|Итальянский; справа|Короткие белые с синими символами|S. Marino и местные топонимы|Итальяноподобная разметка|Итальяноподобные опоры и здания|Холмы; Монте-Титано с тремя башнями|San Marino/местный номер + узнаваемый Монте-Титано|Итальянский и сельские холмы не отделяют от Италии
curacao|Папьяменто/нидерландский; справа|Квадратные светлые|Местные названия Curaçao/Willemstad|Разметка не уникальна|Чёрная машина с багажником; цветные одноэтажные дома|Полусухой карибский остров, кактусы|Местный топоним + характерный чёрный багажник + карибская среда|В игре территория может считаться Нидерландами; кактусы не уникальны
bermuda|Английский; слева|Длинные белые и сзади|Британоподобные знаки; местные топонимы|Белая разметка|Видны передние бока чёрной машины; отдельные яркие дома|Остров с кустарниками и невысокими деревьями|Слева + белый задний номер + Bermuda/местная машина|Британская территория; английская островная среда не уникальна
guam|Английский; территория США|Короткие американоподобные|Зелёные уличные таблички|Американоподобная разметка|Толстые бетонные опоры; справа антенна и кусочек багажника|Влажная тропическая низкая растительность|Guam/местный топоним + бетонные опоры + зелёные таблички|Северные Марианы: чаще деревянные опоры, синие таблички
northern-mariana-islands|Английский; территория США|Короткие светлые|Синие уличные таблички|Американоподобная разметка|Деревянные опоры; антенна справа без видимого багажника|Тропические острова|Saipan/местный топоним + синие таблички + деревянные опоры|Гуам чаще с зелёными табличками и бетонными опорами
american-samoa|Английский/самоанский; территория США|Короткие местные|Американоподобные знаки; местные названия|Небольшие дороги часто бетонные|Видимый чёрный кузов на Тутуиле; другие пикапы на соседних островах|Крутые зелёные тропические горы, пальмы|Самоанский топоним + узнаваемый кузов + островная среда|Не путай с независимым Самоа; пикап и пальмы не уникальны
puerto-rico|Испанский и английский; территория США|Короткие местные|Испанские названия рядом с американской системой знаков|Американоподобная разметка|В старом покрытии антенна справа с белой точкой; новые камеры другие|Тропики, плотная застройка и горы|Puerto Rico/местный маршрут + испанский + американские знаки|Доминикана: другой багажник; испанский не значит независимую страну
us-virgin-islands|Английский; территория США|Местные короткие|Местные топонимы St Thomas/St Croix|Не используй цвет линии в одиночку|Большая красная или белая видимая машина на автопокрытии|Карибские холмы и цветные дома|Местный топоним + узнаваемая большая машина + островная среда|Не путай с Британскими Виргинскими островами
cocos-islands|Английский/малайский; территория Австралии|Местные; номер не главный признак|Названия West Island/Bantam|Небольшая островная дорожная сеть|На West Island пикап со шноркелем справа; в Bantam узорная мостовая|Белый коралловый песок, пальмы, ровно|Bantam/West Island + характерная машина + плоский атолл|Остров Рождества лесистее и холмистее; шноркель не уникален
christmas-island|Английский; территория Австралии|Местные островные|Названия Christmas Island/Flying Fish Cove|Небольшая островная сеть|Местная машина камеры требует сверки по фото|Тропический лес, холмы, скалистые берега|Прямой островной топоним + соответствующий ландшафт|Кокосовые острова ровнее; один тропический лес не решает
faroe-islands|Фарерский/датский; справа|Местные светлые|Фарерские топонимы|Белая разметка|Деревянные цветные дома; разные камеры|Почти нет деревьев; зелёные горы резко поднимаются из фьордов|Фарерский топоним + зелёные безлесные фьорды + местная инфраструктура|Исландия более вулканическая; территория относится к Дании
greenland|Гренландский/датский|В треккерах номер часто недоступен|Гренландские топонимы|Разрозненные треккеры и поселковые дороги|Много необычных машин, лодок и пеших маршрутов|Скалы, арктическая тундра, цветные дома|Гренландский топоним + конкретный арктический треккер|Безлесные горы похожи на Исландию/Шпицберген; территория Дании
svalbard|Норвежский; территория Норвегии|Часто чёрные с жёлтыми символами|Longyearbyen/Svalbard; местные предупреждения|Небольшая арктическая дорожная сеть|Поселковые панорамы; инфраструктура Норвегии|Безлесные голые горы, тундра, снег|Longyearbyen + чёрно-жёлтые номера + арктический посёлок|Арктический вид не уникален; в стране-стрик обычно Норвегия
gibraltar|Английский; справа; британская территория|Местные британоподобные|Названия Gibraltar и британская инфраструктура|Не определяй по цвету линий|В Gen3 длинная антенна с серебристым кончиком|Город под огромной известняковой скалой|Гибралтарская скала + местный топоним + справа|Соседняя Испания похожа климатом; территория считается Великобританией
isle-of-man|Английский/мэнские названия; слева|Белый передний, жёлтый задний; красный блок слева|Британские знаки; мэнские топонимы|Британская разметка|Старое автопокрытие Gen2|Влажные поля, холмы, каменные ограды|Красный блок британоподобного номера + мэнский топоним + слева|Британская коронная территория; один белый/жёлтый номер не решает
jersey|Английский/французские названия; слева|Белый передний, жёлтый задний; местный код J|Британские элементы, французские топонимы|Узкие островные дороги|Нормандские каменные дома и изгороди|Зелёные сельские поля, прибрежная застройка|J на местном номере + французский топоним + слева|Считается Великобританией в ряде карт; не путай с Францией
azores|Португальский; регион Португалии|Португальские|Португальские указатели|Португальская белая разметка|Сухие стены из вулканического камня|Зелёные округлые холмы, открытые пастбища|Азорский топоним + каменные стены + португальская инфраструктура|Мадейра обычно круче и лесистее; оба региона — Португалия
madeira|Португальский; регион Португалии|Португальские|Португальские указатели|Белая; извилистые крутые дороги|Эвкалипты, террасы, туннели|Очень гористый субтропический остров|Мадейрский топоним + крутые горы + португальская инфраструктура|Эвкалипты есть на материке; Азоры тоже зелёные
saint-pierre-and-miquelon|Французский; территория Франции|Белые/жёлтые, короткие/длинные, с французскими элементами|Французская инфраструктура|Треккерное покрытие: не требуй дорожных линий|Пешеходная камера; цветные деревянные дома|Прохладный североатлантический остров|Местный топоним + французский + узнаваемый островной треккер|Французский и цветные дома не уникальны
martinique|Французский; территория Франции|Не главный признак туристических треккеров|Названия Habitation Clément и местных мест|Треккеры: разметка обычно мало помогает|Пешеходные панорамы, ромовая усадьба|Тропический Карибский остров|Прямое название усадьбы/места + узнаваемый треккер|Пальмы и французский есть в других заморских территориях
falkland-islands|Английский; британская территория|В туристических треккерах номера не подходят|Проверяй названия островов|Преимущественно треккеры, не дорожная сеть|Пешие и лодочные панорамы|Безлесные травянистые острова, скалы и океан|Прямой топоним Carcass/West Point + совпадающая панорама|Безлесный зелёный берег похож на Фареры
pitcairn-islands|Английский; британская территория|В треккерах номера не подходят|Pitcairn/Adamstown и местные названия|Грунтовые лесные дорожки|Пешеходные треккеры|Полутропический густой лес, красная почва|Прямой местный топоним + узнаваемый островной треккер|Красная земля и лес не уникальны
british-indian-ocean-territory|Английский; британская территория|В треккерах номер обычно недоступен|Прямые подписи места/атолла|Преимущественно туристические панорамы|Пешие треккеры|Плоские коралловые атоллы, белый песок, пальмы|Название атолла + конкретная совпадающая панорама|Не путай с Кокосовыми островами и другими атоллами
vanuatu|Бислама/английский/французский|В треккерах не используй номера|Названия Ambrym/Port Vato|Лесные тропы, не сплошная дорожная сеть|Пешеходные треккеры|Густые тропики, тёмная вулканическая земля|Ambrym/Port Vato + узнаваемый вулканический треккер|Вулканический остров и тропический лес не уникальны
antarctica|Подписи станций/экспедиций на разных языках|Дорожные номера не подходят|Название станции/острова сильнее цвета знака|Туристические панорамы, не дорожная сеть|Штативы и пешие треккеры, корабли|Лёд, снег, тёмный грунт; пингвины на части покрытия|Узнаваемая станция/остров + пингвины + полярный ландшафт|Снег бывает в Арктике; одних пингвинов недостаточно
south-georgia-sandwich-islands|Английский; британская территория|В треккерах номера не подходят|Название Grytviken|Туристические панорамы|Ржавое оборудование, белая деревянная церковь в Грютвикене|Холодные горные острова; морские животные|Grytviken + ржавые промышленные объекты + белая церковь|Холодный островной вид не уникален
us-minor-outlying-islands|Английский; территории США|В панорамах не главный признак|Midway и местные подписи|Островная сеть на атолле Мидуэй|Старое Gen2; множество альбатросов|Плоский тихоокеанский атолл|Midway + альбатросы повсюду + узнаваемое старое покрытие|Не все внешние малые острова США выглядят так
